t,p_x,p_y,p_z,q_w,q_x,q_y,q_z,v_x,v_y,v_z,w_x,w_y,w_z,a_lin_x,a_lin_y,a_lin_z,a_rot_x,a_rot_y,a_rot_z,u_1,u_2,u_3,u_4,mu_0,nu_0,tau_0,mu_1,nu_1,tau_1,mu_2,nu_2,tau_2,mu_3,nu_3,tau_3,mu_4,nu_4,tau_4,mu_5,nu_5,tau_5
0,-2.3,-1,1.5,1,1.65E-26,-1.61E-25,7.69E-25,-6.21E-25,1.97E-24,-2.92E-25,-3.36E-25,-1.42E-25,-4.33E-25,-1.25E-23,-1.94E-21,-31.35642639,1.60E-22,5.05E-23,0.684671493,1.612077028,1.570822607,1.612077028,1.570822607,1,0,0,1,0,0,1,0,0,1,0,0,1,0,0,1,0,0
0.0032866,-2.3,-1,1.49845416,1,1.19E-24,-5.86E-25,1.69E-05,-6.63E-25,-4.39E-24,-0.103056022,1.88E-25,2.42E-26,0.002250241,0.044538743,4.57E-06,-31.35645146,-0.002254676,46.64379252,0.684673014,1.462077558,1.420823483,1.762076969,1.720822019,0.996154013,0.003845987,0.089943583,0.998913057,0.001086943,0.089938364,0.99891367,0.00108633,0.047332269,0.998914495,0.001085505,0.045062164,0.998915738,0.001084262,0.044771173,0.998918234,0.001081766,0.044935432
0.0065732,-2.299998902,-1,1.493816639,0.999999337,-6.64E-08,0.001149746,6.75E-05,0.000146381,1.50E-08,-0.206112126,-7.41E-06,0.153299475,0.004500487,0.351499539,0.010905693,-29.26257907,-10.96122681,75.44429211,-0.484527668,1.356387954,1.456033548,1.912076893,1.870821078,0.99230808,0.003845933,0.089941635,0.997826118,0.001086939,0.08993745,0.997826723,0.001086946,0.048576155,0.997827549,0.001086946,0.045062955,0.997828791,0.001086946,0.044771714,0.997831287,0.001086946,0.044937043
0.0098598,-2.299981297,-0.99999973,1.486190686,0.999985864,-0.000270618,0.005308856,0.000123588,0.001301619,3.59E-05,-0.30228651,-0.036032575,0.401254664,0.002908039,1.174001892,0.08309057,-23.79585815,-10.96194727,75.44392206,-0.484510875,1.5063873,1.606032498,2.062076794,2.02081935,0.988462311,0.003845769,0.089939546,0.996739188,0.00108693,0.089936498,0.996739686,0.001087037,0.052028555,0.996740512,0.001087037,0.045063012,0.996741755,0.001087037,0.04477175,0.996744251,0.001087037,0.044937087
0.0131464,-2.299892872,-0.999995435,1.475949137,0.999912451,-0.00108215,0.013186873,0.00015764,0.005160094,0.000308943,-0.380493971,-0.072060108,0.649208636,0.001315645,2.657087421,0.244224265,-18.35955459,-10.95686837,75.44416719,-0.484474979,1.656386938,1.756031923,2.212076663,2.170815107,0.984616769,0.003845542,0.0899373,0.995652254,0.001086934,0.089935351,0.995652252,0.001087434,0.074456866,0.995653078,0.001087434,0.045063228,0.995654321,0.001087434,0.044771854,0.995656817,0.001087434,0.044937248
0.016433,-2.299620628,-0.99997571,1.463629731,0.999689893,-0.002434718,0.024782271,0.000170894,0.013892876,0.001111611,-0.440834477,-0.108070948,0.897163414,-0.00027663,4.921143328,0.511876921,-12.99450966,-10.94936663,75.44168468,-0.484058141,1.80638667,1.906031498,2.362076486,2.320764854,0.98077123,0.003845539,0.08993489,0.99456536,0.001086894,0.089471436,0.994576867,0.001075385,0.089923773,0.994577693,0.001075385,0.045056665,0.994578936,0.001075385,0.04476946,0.994581432,0.001075385,0.04493359
0.0197196,-2.29898048,-0.99991951,1.449765347,0.999186661,-0.004327848,0.040090637,0.000164575,0.030066705,0.002793945,-0.483542229,-0.144057133,1.145110033,-0.001867535,7.783669152,0.903493796,-10.48547766,-34.29302897,52.11696733,2.005287861,1.956386442,2.05603114,2.51207624,2.170776998,0.976924847,0.003846382,0.089932317,0.993478238,0.001087122,0.089455128,0.993517104,0.001059763,0.089920453,0.99351793,0.001059763,0.045048335,0.993519173,0.001059763,0.044766293,0.993521669,0.001059763,0.044928946
0.0230062,-2.297718708,-0.999795066,1.434744574,0.998258782,-0.007332101,0.058528546,0.000230451,0.055648509,0.005763368,-0.518003797,-0.256764592,1.316397643,0.004723043,11.2395772,1.597285831,-8.149343731,-57.72645875,28.76441224,4.494635337,2.106386236,2.206030815,2.662075885,2.020788841,0.973075823,0.003849025,0.089929595,0.992390579,0.001087658,0.089440356,0.992472234,0.00104487,0.089917006,0.99247306,0.00104487,0.045040462,0.992474303,0.00104487,0.044763102,0.992476799,0.00104487,0.044924638
0.0262928,-2.295522474,-0.99955052,1.418806631,0.996800213,-0.0125875,0.078933865,0.000578776,0.092588501,0.011013007,-0.544787428,-0.446488355,1.410934752,0.01949511,15.45677636,2.85309394,-4.313091036,-66.33498311,20.25352872,5.393700535,2.256386037,2.356030504,2.812075342,2.062443273,0.969221093,0.003854729,0.089926753,0.99130189,0.001088689,0.089425773,0.99144135,0.001030884,0.089913499,0.991442175,0.001030884,0.045032981,0.991443418,0.001030884,0.044759776,0.991445914,0.001030884,0.04492069
0.0295794,-2.292013084,-0.999091292,1.40225628,0.994716662,-0.020865548,0.1005059,0.001397831,0.143388737,0.020389984,-0.558962831,-0.664504891,1.477499993,0.037222045,20.4181,4.861459771,0.175506779,-66.55339558,20.10154548,5.393747014,2.406385838,2.506030192,2.962074443,2.212436886,0.965355888,0.003865205,0.08992384,0.990211427,0.001090463,0.089411355,0.990423327,0.001018023,0.089909986,0.990424153,0.001018023,0.045025819,0.990425396,0.001018023,0.044756167,0.990427892,0.001018023,0.044917113
0.032866,-2.286738073,-0.998257402,1.385504582,0.991873851,-0.03236362,0.123008448,0.002788984,0.210494859,0.036367657,-0.558386011,-0.883239262,1.543565727,0.054949132,25.97514172,7.718406396,4.234287526,-66.78905592,19.89053199,5.393756202,2.556385633,2.656029867,3.112072731,2.362434185,0.961473113,0.003882775,0.089920936,0.989118114,0.001093313,0.089397369,0.989416775,0.001006552,0.089906537,0.989417601,0.001006552,0.045018899,0.989418844,0.001006552,0.044752067,0.98942134,0.001006552,0.044913908
0.0361526,-2.279178762,-0.996809539,1.368973722,0.988093371,-0.047067945,0.146399852,0.004814229,0.295864752,0.061734969,-0.544469603,-1.102748154,1.608937944,0.07267625,32.10928894,11.52240687,7.734498404,-67.04164953,19.61980105,5.393733434,2.706385412,2.806029516,3.262068254,2.512432583,0.957562673,0.00391044,0.089918155,0.988020456,0.001097659,0.089384251,0.98841999,0.000996786,0.089903239,0.988420815,0.000996786,0.045012138,0.988422058,0.000996786,0.044747209,0.988424554,0.000996786,0.044911056
0.0394392,-2.268758513,-0.994419814,1.35303733,0.983163997,-0.064956156,0.170623767,0.007535087,0.401395132,0.099604508,-0.519049403,-1.32308722,1.673420376,0.090403293,38.57696851,16.27175147,10.01972235,-62.6172237,14.62712234,4.89445709,2.85638517,2.956029121,3.35189987,2.662431473,0.953610702,0.003951971,0.089915651,0.986916438,0.001104018,0.089372584,0.987430909,0.000989081,0.089900197,0.987431734,0.000989081,0.045005443,0.987432977,0.000989081,0.044741249,0.987435473,0.000989081,0.04490852
0.0427258,-2.25485524,-0.990666567,1.337981561,0.976875286,-0.085882269,0.195494687,0.010987752,0.528182185,0.153083242,-0.486118586,-1.528884969,1.721493872,0.106489414,44.51245302,21.57224187,9.537433116,-39.45801589,-8.96380238,2.40508984,3.006384893,3.106028657,3.201908532,2.812430624,0.94959867,0.004012032,0.089913613,0.985803428,0.00111301,0.089363078,0.986447072,0.000983837,0.089897537,0.986447897,0.000983837,0.04499871,0.98644914,0.000983837,0.044733764,0.986451636,0.000983837,0.044906251
0.0460124,-2.236855004,-0.985052504,1.323895164,0.969199743,-0.109132328,0.220260062,0.015082813,0.674476801,0.223982566,-0.454772861,-1.658567673,1.692033442,0.114393982,50.33536279,27.46035029,8.381346097,-16.1271469,-32.41024481,-0.084294555,3.156384569,3.256028085,3.051915221,2.962429929,0.945502533,0.004096137,0.08991225,0.984678093,0.001125334,0.089356513,0.985465604,0.000981468,0.089895387,0.98546643,0.000981468,0.04499183,0.985467673,0.000981468,0.044724247,0.985470169,0.000981468,0.044904188
0.049299,-2.214175832,-0.977023898,1.310696527,0.960398889,-0.133547814,0.243749245,0.019627848,0.839908989,0.314233745,-0.427226731,-1.711571149,1.58551394,0.114116939,55.76838459,33.67649537,6.69268404,7.3687313,-55.68778269,-2.573668733,3.306384174,3.406027334,2.901923124,3.112429325,0.941291668,0.004210866,0.089911777,0.983536322,0.001141771,0.089353689,0.984483207,0.000982397,0.089893879,0.984484033,0.000982397,0.044984681,0.984485275,0.000982397,0.044712091,0.984487771,0.000982397,0.044902272
0.0525856,-2.186260774,-0.965981833,1.29824375,0.950946887,-0.157984683,0.264847207,0.024429666,1.023197346,0.424914905,-0.405230558,-1.687353079,1.40249049,0.10565832,60.56642044,39.95481348,4.716831326,30.99411858,-78.80061575,-5.062987741,3.456383676,3.556026263,2.751937511,3.262428773,0.936927169,0.004364498,0.089912404,0.9823731,0.001163222,0.089355405,0.983496122,0.000987086,0.089893137,0.983496947,0.000987086,0.044977131,0.98349819,0.000987086,0.044696534,0.983500686,0.000987086,0.044900452
0.0558722,-2.152603757,-0.951308207,1.286353727,0.941516646,-0.181324629,0.28250528,0.029300921,1.222254926,0.556230383,-0.389728221,-1.585487818,1.143504409,0.089018306,65.37064666,46.64897659,3.954111252,41.3659176,-88.53016052,-6.133546075,3.606383021,3.706024532,2.772924358,3.412428242,0.932359492,0.004567677,0.089914309,0.981182372,0.001190728,0.089362388,0.98250009,0.000996031,0.089893273,0.982500916,0.000996031,0.044969025,0.982502158,0.000996031,0.04467659,0.982504654,0.000996031,0.044898698
0.0591588,-2.112730712,-0.932362566,1.27488936,0.932776304,-0.202787973,0.296041239,0.034131864,1.437102074,0.709546896,-0.376732641,-1.449534605,0.852541209,0.068859795,69.96222836,53.66285114,4.249639564,41.65025075,-88.23741716,-6.133654621,3.756382125,3.856021032,2.922908137,3.562427705,0.927524621,0.004834872,0.089917633,0.979956818,0.001225554,0.089375278,0.981490278,0.001009813,0.089894378,0.981491103,0.001009813,0.044960185,0.981492346,0.001009813,0.044650926,0.981494842,0.001009813,0.044897011
0.0624454,-2.066178333,-0.908469019,1.263826101,0.925150865,-0.222153538,0.305331989,0.038936548,1.667039914,0.885915207,-0.362765776,-1.312646903,0.56254014,0.048700928,73.6836781,60.55146628,4.881342609,41.84549697,-87.9850709,-6.13363915,3.906380869,4.006008035,3.07289768,3.712427125,0.922337854,0.005186766,0.089922462,0.978687514,0.001269304,0.089394606,0.980461138,0.00102914,0.089896526,0.980461963,0.00102914,0.0449504,0.980463206,0.00102914,0.044617637,0.980465702,0.00102914,0.044895431
0.065732,-2.012536773,-0.878942134,1.253208344,0.918890077,-0.239435192,0.310475661,0.043779868,1.909208669,1.084923639,-0.346722757,-1.175117505,0.273368431,0.028542111,75.04318879,65.91857578,4.147193335,65.26205183,-64.48391413,-3.644548704,4.05637917,3.856037918,3.222885524,3.862426441,0.916684358,0.005653497,0.089928799,0.9773635,0.001324014,0.089420703,0.979406274,0.001054864,0.089899752,0.979407099,0.001054864,0.044939423,0.979408342,0.001054864,0.044573965,0.979410837,0.001054864,0.044894065
0.0690186,-1.951556906,-0.843175805,1.243029731,0.914139655,-0.254124666,0.312122776,0.048463556,2.155845591,1.301571611,-0.333092593,-0.960627264,0.061435618,0.016563939,75.81388826,70.65609655,4.112803982,88.64722517,-41.10612265,-1.159113776,4.206377219,3.706068605,3.37243365,4.012425507,0.91040518,0.006279178,0.089936505,0.975971323,0.001392177,0.089453525,0.978318345,0.001087929,0.089904039,0.97831917,0.001087929,0.044926991,0.978320413,0.001087929,0.044515899,0.978322909,0.001087929,0.044893125
0.0723052,-1.883136695,-0.80066952,1.233251996,0.910982735,-0.265205704,0.311479967,0.052503508,2.405015495,1.533789917,-0.319575452,-0.669279319,-0.073663753,0.012754396,76.27706167,74.46442046,4.90838392,111.9807565,-64.35787746,-3.647888027,4.356375143,3.855998337,3.22244508,4.16242397,0.903273858,0.007131322,0.089945299,0.974494388,0.001476935,0.089492629,0.977188934,0.001129411,0.089909308,0.977189759,0.001129411,0.044912838,0.977191002,0.001129411,0.044437373,0.977193498,0.001129411,0.044892987
0.0755918,-1.807216288,-0.750999705,1.223910726,0.909857704,-0.271653601,0.308664902,0.055581081,2.655707663,1.77852466,-0.303443559,-0.301243397,-0.285182335,0.000765248,76.36529855,77.04633128,6.914200162,135.2621926,-87.64935843,-6.137020163,4.506372666,4.005969193,3.072453178,4.312420703,0.89495379,0.008320068,0.089954787,0.972911904,0.001582484,0.089537255,0.976008282,0.001180652,0.089915441,0.976009108,0.001180652,0.044896709,0.97601035,0.001180652,0.044328652,0.976012846,0.001180652,0.04489427
0.0788784,-1.723767181,-0.693849018,1.215140564,0.911511198,-0.272407804,0.302698711,0.057574414,2.906689831,2.03174511,-0.280719351,0.143309286,-0.573250691,-0.019404681,75.88219758,78.06661016,10.56209843,158.4182868,-111.0822299,-8.62590469,4.656369219,4.155934362,2.922461882,4.462392921,0.884918469,0.010035321,0.08996448,0.971197363,0.001714541,0.089586326,0.974764947,0.001243335,0.089922283,0.974765773,0.001243335,0.044878411,0.974767015,0.001243335,0.044173356,0.974769511,0.001243335,0.044897974
0.082165,-1.63280701,-0.629037081,1.207217101,0.91654528,-0.266362356,0.292554849,0.058373855,3.15608424,2.288318808,-0.246005961,0.663966781,-0.938333515,-0.047754577,72.35613968,74.88889642,13.15639525,171.997423,-144.1289827,-7.140095912,4.806362639,4.12688297,2.772476031,4.312399063,0.872290704,0.012627765,0.089973828,0.969316342,0.001881021,0.089638467,0.973445383,0.001319564,0.089929648,0.973446208,0.001319564,0.044857924,0.973447451,0.001319564,0.043942315,0.973449946,0.001319564,0.044905669
0.0854516,-1.534530903,-0.556667995,1.200446855,0.925300244,-0.25250922,0.276919171,0.058088942,3.393889908,2.534448634,-0.202766157,1.229253462,-1.412027788,-0.071221214,67.7657848,69.68502873,17.69153454,165.7772356,-138.784305,-3.536857045,4.836225117,3.976904035,2.876859493,4.162402464,0.855494413,0.016796291,0.08998225,0.967223567,0.002092775,0.089691951,0.972033583,0.0014118,0.089937309,0.972034409,0.0014118,0.044835641,0.972035651,0.0014118,0.0435807,0.972038146,0.0014118,0.044919799
0.0887382,-1.429336219,-0.477153431,1.195182986,0.937349678,-0.230417956,0.255024916,0.05696874,3.616608916,2.763475429,-0.144621164,1.774096876,-1.868156245,-0.082845447,61.84343103,62.29605652,23.63542757,152.7616175,-126.5010874,0.088937019,4.823188094,3.826913353,3.026848168,4.012405228,0.831394517,0.024099896,0.089989226,0.964858609,0.002364958,0.08974484,0.970510706,0.001522877,0.08994502,0.970511531,0.001522877,0.044812711,0.970512774,0.001522877,0.042977792,0.970515269,0.001522877,0.044944141
0.0920248,-1.317739849,-0.391113502,1.19194727,0.951468666,-0.200276034,0.227048773,0.055188201,3.819863519,2.96821763,-0.066940975,2.276163164,-2.283914682,-0.082553147,53.98375928,52.23825331,29.16092446,129.286205,-103.3866552,2.578323978,4.67319469,3.676919196,3.176842771,3.862407908,0.792759983,0.038634534,0.089994414,0.962138955,0.002719654,0.089795246,0.968854537,0.001656169,0.089952544,0.968855363,0.001656169,0.044791532,0.968856605,0.001656169,0.041892225,0.9688591,0.001656169,0.04498472
0.0953114,-1.200421207,-0.299409426,1.19131268,0.966051256,-0.162735348,0.193555738,0.052899371,3.997286527,3.139903858,0.028899311,2.701075168,-2.623705233,-0.074079228,44.8350103,40.33186654,34.27694666,106.0493561,-80.01946725,5.067709971,4.523198126,3.526923565,3.326839223,3.712410866,0.718744549,0.074015435,0.089997723,0.958949241,0.003189713,0.089841463,0.967039008,0.00181553,0.089959669,0.967039833,0.00181553,0.044776388,0.967041075,0.00181553,0.039795828,0.96704357,0.00181553,0.045052091
0.098598,-1.078219611,-0.20312605,1.193811386,0.979388782,-0.118811176,0.155426741,0.050239749,4.144641258,3.272458559,0.141553914,3.049616951,-2.886697191,-0.057423694,34.58910563,26.9288031,38.11670282,83.0859789,-56.34989656,7.557093751,4.373200554,3.376927277,3.476836512,3.562414577,0.523169306,0.195575242,0.089999355,0.955123766,0.003825475,0.089882126,0.965033797,0.00200521,0.08996622,0.965034622,0.00200521,0.044774051,0.965035864,0.002005211,0.035959148,0.965038358,0.002005211,0.045168109
0.101885,-0.952093067,-0.10351419,1.199891655,0.989941708,-0.069647805,0.113671544,0.047364114,4.258321803,3.360962756,0.266828258,3.322687306,-3.071896745,-0.032586552,23.56665859,12.50431267,39.96811037,60.40156178,-32.35600856,10.04646403,4.223202514,3.226930828,3.626834225,3.412420033,2.45E-05,0.523144843,0.086754449,0.950416677,0.004707089,0.089916349,0.962804094,0.002229703,0.089972074,0.962804919,0.002229704,0.044794147,0.96280616,0.002229704,0.032112906,0.962808651,0.002229707,0.045391764
0.105171,-0.823093031,-0.001949827,1.209839351,0.996458532,-0.016522134,0.069434922,0.04445426,4.335775976,3.402059426,0.398187438,3.521203061,-3.178237993,0.000432154,12.20277996,-2.365435014,39.34709616,37.97167805,-8.042995365,12.5357906,4.073204229,3.07693476,3.776832139,3.262430331,1.95E-05,4.95E-06,0.033686816,0.944448985,0.005967692,0.08994378,0.960310718,0.002493376,0.089977161,0.960311538,0.00249338,0.044849553,0.96031277,0.00249339,0.033657048,0.960315225,0.002493427,0.045972514
0.108458,-0.692326941,0.100118017,1.223718402,0.99807267,0.039178452,0.023976458,0.04172644,4.375881629,3.394285188,0.527505593,3.646000767,-3.204672099,0.04163228,1.00770318,-17.05357884,36.04985257,15.7420138,16.5579094,15.02494855,3.923205834,2.926940093,3.926830114,3.112459499,1.71E-05,2.47E-06,0.038259583,0.936608954,0.00784003,0.089964589,0.957510849,0.002799868,0.089981467,0.957510883,0.002800656,0.044959073,0.957510916,0.002801854,0.038348657,0.957510951,0.002804273,0.051485497
0.111744,-0.56091123,0.201227066,1.241336546,0.994370288,0.095998727,-0.021371293,0.039436137,4.379193546,3.338236901,0.645987028,3.697738465,-3.150252879,0.091013271,-9.580966211,-31.37179134,31.70395781,7.117389425,54.91047614,16.06559219,3.773207439,2.776950297,4.076828046,3.137042266,1.54E-05,1.65E-06,0.041208036,0.925851717,0.010757238,0.089979401,0.954359626,0.003151224,0.089977754,0.954360864,0.003150018,0.045156679,0.954363344,0.003147572,0.04145658,0.954763315,0.002747636,0.089939713
0.115031,-0.429923776,0.299944639,1.262316045,0.985396386,0.152788934,-0.064910971,0.037894922,4.347704746,3.23513038,0.750185247,3.721130475,-2.969784124,0.143814442,-19.61749143,-46.10968715,28.21105559,-12.18318618,82.77280434,13.91492067,3.623209146,2.886193933,4.226825813,3.286972637,1.42E-05,1.24E-06,0.042688789,0.91026147,0.015590247,0.089989164,0.950812674,0.003546951,0.089981964,0.950813915,0.003546949,0.045547525,0.950816406,0.003546938,0.043063893,0.952234165,0.00252915,0.089927546
0.118318,-0.300384185,0.394837913,1.286268993,0.971657882,0.208512906,-0.104900259,0.037405972,4.283229904,3.083586296,0.842903694,3.681089219,-2.697743049,0.189547216,-28.62214368,-60.49041978,22.74172515,-35.10619775,107.1383021,11.4260626,3.473211075,3.03618331,4.376823237,3.436911555,1.32E-05,9.90E-07,0.043462565,0.885998008,0.024263462,0.089995005,0.946829609,0.003983065,0.089985298,0.946830834,0.003983081,0.046629055,0.946833327,0.003983079,0.043979315,0.949919638,0.002314527,0.08991187
0.121604,-0.173235055,0.484468004,1.312749669,0.954116288,0.261902792,-0.140032827,0.038206995,4.189160375,2.8847785,0.917646641,3.5657092,-2.345622337,0.22710011,-36.08900823,-73.99157692,15.49984971,-58.51157747,131.092701,8.937332803,3.323213421,3.18617756,4.526819985,3.586829881,1.24E-05,8.25E-07,0.043902129,0.844478378,0.04151963,0.089998073,0.942377841,0.004451768,0.089987891,0.94237786,0.004452974,0.064492669,0.942380355,0.004452973,0.044643262,0.947807338,0.0021123,0.089892177
0.124891,-0.049291557,0.567457549,1.341125674,0.934098026,0.311739618,-0.169218563,0.040549822,4.070550251,2.641597805,0.968588443,3.373405066,-1.914773103,0.256473546,-41.65149246,-86.31247154,7.240302554,-82.3875946,154.5996297,6.449178587,3.173216555,3.336173238,4.676815242,3.736676714,1.16E-05,7.07E-07,0.044171233,0.764327532,0.080150847,0.08999941,0.937435828,0.004942013,0.089943337,0.938201843,0.004176017,0.089982754,0.938204338,0.004176017,0.045012498,0.945879917,0.00192742,0.089867997
0.128177,0.070801785,0.642531965,1.370625909,0.913188091,0.356941123,-0.191521265,0.044722065,3.933658468,2.357923261,0.992384419,3.102630022,-1.406666005,0.277669414,-45.05236651,-97.29594663,-1.165776031,-106.7106826,177.6312735,3.964020837,3.023221405,3.486169419,4.826805735,3.886158898,1.10E-05,6.18E-07,0.044346195,0.596356846,0.167970685,0.089999849,0.931992968,0.00544286,0.08995054,0.93439913,0.003802713,0.089978689,0.934401625,0.003802713,0.045260208,0.94411797,0.001761947,0.089838933
0.131464,0.186601776,0.708541931,1.400421377,0.893110689,0.396546534,-0.206151006,0.05104716,3.785589373,2.038150431,0.98855298,2.751914723,-0.822863113,0.290697564,-44.90477927,-103.8756035,-11.0830958,-143.364833,166.2590399,2.772610872,2.873231724,3.636165638,4.836220795,3.739163272,1.05E-05,5.49E-07,0.044465508,0.344366478,0.251990368,0.089999922,0.926047004,0.005945964,0.089955975,0.930919539,0.003479591,0.089973904,0.930922034,0.003479591,0.045472966,0.942502053,0.001615917,0.089804675
0.134751,0.29794945,0.764619788,1.429599753,0.875544148,0.429446781,-0.21320508,0.059509683,3.638005338,1.696752902,0.952127281,2.280731904,-0.2764362,0.299810026,-43.69700493,-110.8076334,-17.6365098,-154.6023964,166.1774487,0.05381655,2.795003453,3.786161522,4.828467754,3.830824324,9.99E-06,4.94E-07,0.044550122,0.175260012,0.169106466,0.08999976,0.919596807,0.006450197,0.089960107,0.927712019,0.003207521,0.089968494,0.927714512,0.003207521,0.04568436,0.941013995,0.001488059,0.089764976
0.138037,0.404914577,0.810101383,1.457345627,0.861796806,0.454890762,-0.213289911,0.069914044,3.494390775,1.332572566,0.894163133,1.772615713,0.269722554,0.299986899,-40.48242522,-115.2103143,-22.73518391,-155.1913132,118.8570975,0.002462358,2.944990687,3.936156663,4.678481743,3.68701903,9.54E-06,4.49E-07,0.044612103,0.085845826,0.089414186,0.089998758,0.912632638,0.006964169,0.089963348,0.924729005,0.002983014,0.089962606,0.924731497,0.002983016,0.04592921,0.939637532,0.001376463,0.089719624
0.141324,0.507719267,0.844428893,1.483082557,0.852360747,0.472918541,-0.207686739,0.081824996,3.361341248,0.953922381,0.819441684,1.262563988,0.660358257,0.299994992,-36.33544943,-118.2155967,-25.65403751,-155.8852107,71.06734289,0.000479475,3.094982977,4.086150553,4.528490476,3.53726512,9.13E-06,4.11E-07,0.044658744,0.033838211,0.052007614,0.089993852,0.90512472,0.007507918,0.089966054,0.921927936,0.002801068,0.089956433,0.921930426,0.002801071,0.046262319,0.938358503,0.001279029,0.089668417
0.14461,0.606732282,0.867238031,1.50641647,0.847109065,0.483800551,-0.198616291,0.094311864,3.24192117,0.565395035,0.735127131,0.7502317,0.893928165,0.299996568,-31.965002,-119.9496428,-26.55017353,-156.2331902,23.26086481,-0.000120174,3.244975949,4.236142662,4.378498698,3.387346467,8.75E-06,3.79E-07,0.044694682,4.05E-05,0.033797759,0.089956549,0.897011556,0.008113164,0.089968524,0.91927178,0.002656156,0.08995019,0.919274263,0.002656163,0.046807405,0.937164834,0.001193669,0.089611095
0.147897,0.702379078,0.878295659,1.527161065,0.845763945,0.487789196,-0.188234493,0.106361294,3.136865004,0.171168573,0.647867339,0.236755742,0.970377317,0.299996173,-28.03489305,-120.4636046,-25.66094947,-156.2263406,-24.54971669,-0.000333305,3.394966469,4.386133088,4.228510393,3.23738394,8.40E-06,3.50E-07,0.044722979,2.84E-05,1.20E-05,0.042837683,0.88818706,0.008824496,0.089970994,0.916728659,0.002543121,0.089944093,0.916731104,0.00254316,0.047974246,0.936046357,0.001118477,0.089547314
0.151184,0.795074227,0.877491299,1.545318111,0.847964214,0.485149478,-0.178652193,0.116918648,3.044725532,-0.224747074,0.56353007,-0.276697704,0.889692225,0.299995078,-25.18900593,-119.7946865,-23.2593458,-155.863263,-72.35755631,-0.000416939,3.544947678,4.536121447,4.078536487,3.087412963,8.07E-06,3.23E-07,0.044745693,2.46E-05,3.87E-06,0.043338659,0.878484252,0.009702808,0.089973628,0.914271228,0.002457431,0.08993833,0.914271288,0.002459816,0.052691889,0.934994565,0.001051792,0.089476616
0.15447,0.885156998,0.864832848,1.561052219,0.853285871,0.476160934,-0.17195682,0.124918932,2.961939353,-0.618464256,0.48708591,-0.788957859,0.651881902,0.299993707,-24.05396138,-117.9646175,-19.65279996,-155.1466393,-120.1534895,-0.000353528,3.69490045,4.686104401,3.928616512,2.937455164,7.77E-06,3.00E-07,0.044764258,2.22E-05,2.33E-06,0.04367979,0.867651088,0.010833164,0.089976516,0.911876085,0.002395143,0.089856191,0.91189922,0.002372068,0.089872718,0.934002346,0.000992219,0.089398425
0.157757,0.972828718,0.840443563,1.574662286,0.861214831,0.461097402,-0.170224615,0.129312339,2.88288361,-1.006166734,0.422495024,-1.298862758,0.256985478,0.299992545,-25.25567938,-115.0609366,-15.1301073,-154.1077983,-166.8134704,0.000856298,3.844696264,4.836067006,3.786009101,2.794535167,7.49E-06,2.80E-07,0.044779694,2.06E-05,1.68E-06,0.043923048,0.855310636,0.012340452,0.089979665,0.909522871,0.002353214,0.089845388,0.909684021,0.002215198,0.089850266,0.933063715,0.000938631,0.089312069
0.161043,1.058090912,0.804556348,1.586552257,0.871076357,0.440182054,-0.175498395,0.129096679,2.799878302,-1.384325975,0.372768418,-1.805353404,-0.291263626,0.29999536,-29.74014276,-112.9286199,-8.640202615,-152.9186779,-144.688695,0.000217736,3.844921409,4.836195568,3.935803642,2.944503243,7.23E-06,2.62E-07,0.04479273,1.92E-05,1.32E-06,0.044103455,0.840890866,0.01441977,0.089983006,0.907193929,0.002328942,0.08983648,0.907601072,0.002082949,0.089825652,0.932173562,0.000890153,0.089216844
0.16433,1.140664963,0.757417079,1.5972667,0.882225435,0.413317348,-0.188293584,0.124066416,2.702134357,-1.755477144,0.34437153,-2.307935886,-0.766797449,0.299996075,-36.31004147,-107.0905387,-3.204460436,-151.9719956,-101.0856952,-0.000694456,3.707058366,4.698226419,4.085573127,3.094488763,6.99E-06,2.46E-07,0.044803875,1.82E-05,1.09E-06,0.044241523,0.823489766,0.0174011,0.089986414,0.904873436,0.002320493,0.089829206,0.905631011,0.001970061,0.089799117,0.931327414,0.000846149,0.089112132
0.167617,1.220001263,0.699416254,1.607395498,0.894138873,0.380017967,-0.207101332,0.114938913,2.582797785,-2.107440878,0.333839751,-2.807407003,-1.099025665,0.299993793,-44.7512402,-99.13714416,2.143352187,-116.5265569,-90.18599667,-0.001453158,3.78042508,4.548278382,4.012157914,3.24447973,6.76E-06,2.31E-07,0.044813488,1.72E-05,9.30E-07,0.044349792,0.801606156,0.02188361,0.089989723,0.902546936,0.0023265,0.089823589,0.903758203,0.001872808,0.089770653,0.930521241,0.000806172,0.0889975
0.170903,1.295354649,0.63123201,1.617473805,0.905764416,0.340573112,-0.230458819,0.102417788,2.435718372,-2.433264987,0.340884092,-3.190383151,-1.395430936,0.299989017,-54.26955654,-88.73663454,6.429048958,-75.40119432,-84.72255028,-0.654978777,3.851449849,4.398311344,3.862403976,3.394473094,6.54E-06,2.18E-07,0.044821836,1.64E-05,8.13E-07,0.044436267,0.772549555,0.029056602,0.089992746,0.90020118,0.002345756,0.089819578,0.901969749,0.001788454,0.08974025,0.929751337,0.000769905,0.088872773
0.17419,1.365834858,0.55377033,1.627982573,0.915555151,0.296371632,-0.257573799,0.087053151,2.257356064,-2.724906785,0.362013803,-3.438196694,-1.673880045,0.297836364,-63.55493702,-75.53555912,8.047723243,-51.38180464,-61.94645289,-3.116382851,3.704672475,4.248340526,3.712584612,3.54446767,6.33E-06,2.06E-07,0.04482911,1.57E-05,7.24E-07,0.044506282,0.730936815,0.041612739,0.089995321,0.897823878,0.002377302,0.089817067,0.900254717,0.001715032,0.089707937,0.92901422,0.000737117,0.088738108
0.177476,1.430508535,0.468197945,1.639217514,0.922353747,0.248685711,-0.287396846,0.069440099,2.048476426,-2.973161931,0.388463447,-3.607068119,-1.877473239,0.287594061,-73.93623877,-62.41950757,9.745674821,-5.925962448,-60.39565412,-3.267713777,3.836076783,4.09837045,3.562968715,3.694462843,6.14E-06,1.95E-07,0.044835453,1.50E-05,6.54E-07,0.044563528,0.663986633,0.066950182,0.08999733,0.89540357,0.002420308,0.089815893,0.898603629,0.001651089,0.089673789,0.928306591,0.000707628,0.088594026
0.180763,1.488402896,0.375813933,1.651344885,0.925253351,0.199037026,-0.31900184,0.050281366,1.805477605,-3.178309867,0.420493579,-3.626544385,-2.075969579,0.276854394,-85.6551719,-49.31960882,11.48633728,17.35988053,-36.58577575,-0.812053962,3.982336609,3.94840553,3.712667636,3.844458246,5.95E-06,1.86E-07,0.044840958,1.44E-05,5.97E-07,0.044610647,0.530114042,0.133872591,0.089998722,0.892929227,0.002474343,0.0898159,0.897007971,0.001595657,0.089637987,0.927625283,0.000681308,0.088441521
0.18405,1.538425885,0.277912842,1.664536196,0.92373497,0.149026642,-0.351536358,0.030444121,1.523963342,-3.340403679,0.458244572,-3.569489407,-2.196212379,0.274185497,-96.75938316,-35.13119955,11.02724871,39.50340831,-11.74196801,1.530153629,4.114732804,3.798453318,3.86257086,3.994453589,5.77E-06,1.77E-07,0.044845669,1.39E-05,5.50E-07,0.044649566,3.54E-05,0.530078597,0.089998969,0.890389383,0.002539844,0.089817018,0.895459674,0.001548297,0.089600931,0.926967191,0.000658092,0.088282278
0.187336,1.579447959,0.175844318,1.678854196,0.917969093,0.099755941,-0.383750499,0.010813935,1.205953981,-3.455865869,0.494486725,-3.439657516,-2.234803527,0.2792145,-104.9382858,-20.06088886,6.91454224,39.6991149,34.84078123,1.5497537,3.967230039,3.648533056,4.012510315,4.144448563,5.60E-06,1.68E-07,0.044849596,1.34E-05,5.04E-07,0.044681759,2.93E-05,6.17E-06,0.02719067,0.887771317,0.002618067,0.089819248,0.893950771,0.001508903,0.089563259,0.926329238,0.000637953,0.088118707
0.190623,1.610513393,0.071056621,1.69406955,0.908770098,0.051870817,-0.413983337,-0.008000757,0.861063841,-3.521797981,0.517212057,-3.309182417,-2.120295826,0.28430792,-111.3146421,-5.345318572,1.590924886,39.48330772,81.49133088,1.561534977,3.81887516,3.498714771,4.162460822,4.29444273,5.44E-06,1.61E-07,0.044852741,1.29E-05,4.64E-07,0.04470836,2.64E-05,2.91E-06,0.024287576,0.885060503,0.002710813,0.089822605,0.892473325,0.001477446,0.089525751,0.925708384,0.000620854,0.087953673
0.193909,1.630901603,-0.034979514,1.709711027,0.897512227,0.005574934,-0.440199931,-0.025780462,0.495217171,-3.539365903,0.52244079,-3.179416589,-1.852466441,0.28944006,-117.6821897,8.940749957,-2.687161804,30.68363089,106.4060002,0.688302793,3.757059424,3.542084242,4.312406505,4.444435243,5.29E-06,1.54E-07,0.044855104,1.25E-05,4.29E-07,0.044730298,2.44E-05,1.92E-06,0.026385919,0.882239968,0.002820536,0.089827115,0.891019385,0.00145394,0.08948929,0.925101647,0.000606737,0.087790322
0.197196,1.639983712,-0.140835129,1.725300428,0.885532662,-0.039089327,-0.460960146,-0.042656299,0.10844292,-3.509981237,0.513609165,-3.078571777,-1.502752512,0.291702236,-124.4439043,23.48578837,-5.464371308,29.91524829,106.6189616,0.68526196,3.906576479,3.691896692,4.462324282,4.594424071,5.14E-06,1.47E-07,0.044856664,1.21E-05,3.99E-07,0.044748305,2.30E-05,1.46E-06,0.031540906,0.879289073,0.002950895,0.089832847,0.889580783,0.001438602,0.089454931,0.924506073,0.000595574,0.087632237
0.200483,1.637113081,-0.245090392,1.74048732,0.873669763,-0.082121478,-0.475906626,-0.05890653,-0.300554379,-3.432792852,0.495649964,-2.98025233,-1.152338664,0.293954418,-129.332746,38.25752435,-8.234277994,29.15738292,106.7904214,0.683328713,4.056402649,3.841797047,4.612142817,4.744401394,5.00E-06,1.41E-07,0.044857371,1.17E-05,3.73E-07,0.044762933,2.18E-05,1.20E-06,0.036214004,0.876181726,0.003107347,0.089839924,0.88814882,0.001431964,0.089423973,0.923918668,0.000587405,0.087483621
0.203769,1.621716074,-0.346299131,1.754996037,0.862399731,-0.123399462,-0.485236562,-0.074730473,-0.725619345,-3.307055683,0.468587188,-2.884423684,-0.801361295,0.296200246,-131.92853,52.97262641,-11.00240108,23.98291066,102.3032696,1.154475971,4.206297334,3.99171469,4.760748537,4.836206834,4.87E-06,1.35E-07,0.044857149,1.14E-05,3.49E-07,0.044774601,2.08E-05,1.02E-06,0.039194778,0.872884237,0.003297488,0.089848473,0.886714005,0.001434814,0.089397867,0.92333635,0.000582317,0.087349078
0.207056,1.593424497,-0.443006988,1.76855182,0.852026968,-0.162934315,-0.489220803,-0.090362318,-1.159215613,-3.132955865,0.4324267,-2.805601457,-0.465131399,0.299994546,-130.013078,66.24502799,-14.94598527,34.23885467,68.28729963,-0.007209602,4.356212467,4.141613293,4.620730369,4.836198362,4.74E-06,1.30E-07,0.044855905,1.10E-05,3.28E-07,0.044783643,1.99E-05,8.85E-07,0.040948897,0.869352719,0.003531518,0.089858558,0.885265877,0.001448128,0.089378047,0.922755925,0.000580425,0.087233185
0.210342,1.552207471,-0.533831228,1.780823674,0.842380103,-0.200587948,-0.488847062,-0.10577654,-1.586516558,-2.915234975,0.383305229,-2.693072047,-0.24069838,0.299970851,-127.2114839,79.0216786,-18.29072472,40.42409093,38.70377257,-0.710570324,4.506050766,4.291461499,4.535975502,4.836194644,4.61E-06,1.25E-07,0.044853536,1.07E-05,3.10E-07,0.044790332,1.91E-05,7.86E-07,0.042012192,0.865529768,0.003822951,0.089870126,0.883792877,0.001473,0.089365713,0.922174083,0.000581842,0.087139915
0.213629,1.498300976,-0.617486769,1.791454816,0.83298831,-0.236076186,-0.485635412,-0.12065092,-2.004609784,-2.655522349,0.323190939,-2.560214241,-0.113494572,0.297635491,-124.742541,91.99996322,-20.82013641,25.2670883,30.61570181,0.177494683,4.613270019,4.440986229,4.685302709,4.836196853,4.49E-06,1.21E-07,0.044849914,1.04E-05,2.93E-07,0.044794881,1.84E-05,7.08E-07,0.042692798,0.861339356,0.004190413,0.089883013,0.882282079,0.001510798,0.089361779,0.921587375,0.000586709,0.087072537
0.216916,1.431966318,-0.692705178,1.800157513,0.823546186,-0.269647964,-0.48046317,-0.134969201,-2.414588583,-2.353155296,0.254763484,-2.477171436,-0.012873016,0.298218845,-118.3946631,102.1337134,-24.92914399,4.803308774,56.99359241,0.501408997,4.463719857,4.401431206,4.834333469,4.836197996,4.37E-06,1.16E-07,0.044844848,1.02E-05,2.78E-07,0.04479741,1.77E-05,6.45E-07,0.043152016,0.856677908,0.004661448,0.08989699,0.880718519,0.00156356,0.089367026,0.920992099,0.000595276,0.087034112
0.220202,1.353638189,-0.758346843,1.806602777,0.814172355,-0.301939571,-0.472927902,-0.149314971,-2.803704449,-2.017482664,0.172831367,-2.461384883,0.174442109,0.299866776,-109.1022621,109.5848864,-29.71464618,9.856269109,74.407882,-0.123710694,4.314328404,4.2540406,4.761001659,4.836197672,4.26E-06,1.12E-07,0.044838085,9.90E-06,2.64E-07,0.04479798,1.72E-05,5.93E-07,0.043476678,0.851400619,0.005277288,0.08991172,0.879084516,0.001634002,0.089381881,0.92038423,0.00060787,0.08702688
0.223489,1.264087153,-0.813544264,1.81034916,0.805308495,-0.333036158,-0.462152211,-0.164257021,-3.162279912,-1.657321008,0.075171219,-2.428991272,0.418991032,0.299460188,-100.9309646,118.0842583,-32.73692656,35.22525845,54.78866725,0.156986266,4.45850493,4.21502411,4.61163396,4.836196576,4.15E-06,1.08E-07,0.044829316,9.65E-06,2.52E-07,0.044796638,1.66E-05,5.50E-07,0.043715943,0.845299873,0.006100747,0.089926736,0.877359024,0.001725492,0.089406151,0.919759384,0.000624845,0.087051524
0.226775,1.164174811,-0.857510875,1.811011507,0.797188595,-0.362263322,-0.448362468,-0.179517731,-3.493999591,-1.269225319,-0.032421954,-2.313219948,0.59905945,0.299976139,-92.50557554,126.0176643,-34.97831364,56.70431037,30.42898957,0.002574405,4.608057436,4.23367305,4.46211903,4.836193178,4.05E-06,1.04E-07,0.044818116,9.41E-06,2.40E-07,0.044793362,1.61E-05,5.13E-07,0.043898709,0.838066338,0.007233535,0.089941507,0.875516326,0.001842698,0.089439262,0.919112698,0.000646686,0.087107868
0.230062,1.054723183,-0.889434691,1.808331295,0.789809443,-0.38884707,-0.432726098,-0.194285903,-3.798028389,-0.8550557,-0.147381669,-2.126855578,0.699067358,0.2999846,-83.88591423,132.6664737,-36.80841749,79.78003577,7.658155135,0.000508828,4.757672807,4.234078656,4.312654506,4.836187339,3.95E-06,1.01E-07,0.04480387,9.18E-06,2.30E-07,0.04478804,1.56E-05,4.82E-07,0.044042723,0.829215385,0.008850953,0.089955485,0.873523932,0.001992394,0.089480398,0.918438611,0.000674087,0.087195301
0.233349,0.936577159,-0.908595455,1.802108563,0.783254987,-0.412156015,-0.416512027,-0.207741823,-4.07372781,-0.419034106,-0.268356204,-1.864650535,0.724236649,0.299986272,-75.13237947,136.9475397,-38.61083803,102.9687969,-3.839025043,0.001357469,4.83606848,4.163188476,4.163462137,4.836178554,3.85E-06,9.76E-08,0.044785709,8.96E-06,2.20E-07,0.044780485,1.52E-05,4.55E-07,0.04415946,0.817939699,0.011275686,0.089968131,0.871339613,0.002184318,0.089528409,0.917730641,0.00070797,0.087312439
0.236635,0.810598113,-0.91445339,1.792163856,0.77788599,-0.431545049,-0.400781298,-0.2191723,-4.320657867,0.031057638,-0.395254573,-1.526233317,0.71161931,0.299990734,-66.86947617,138.6604464,-40.26050568,125.7050007,-3.014019764,-0.000658086,4.836138615,4.017313497,4.017256815,4.836161237,3.76E-06,9.44E-08,0.044762385,8.75E-06,2.11E-07,0.044770445,1.47E-05,4.31E-07,0.04425665,0.802783331,0.015156368,0.089978957,0.868906929,0.002432685,0.089581801,0.916981098,0.000749543,0.087456991
0.239922,0.677628751,-0.906712842,1.778325262,0.77437248,-0.446304667,-0.38615543,-0.228129957,-4.540431068,0.486779021,-0.527574739,-1.113091298,0.701713434,0.299988571,-60.5678805,140.0942829,-40.7122053,137.6192026,-2.040216483,-0.001259085,4.836163466,3.940868331,3.94068762,4.836134486,3.67E-06,9.13E-08,0.044732065,8.55E-06,2.02E-07,0.044757616,1.43E-05,4.10E-07,0.044339647,0.78082329,0.021960041,0.089987581,0.866148119,0.00275881,0.089638768,0.916180719,0.000800378,0.087625742
0.243208,0.538388666,-0.885219559,1.760487298,0.773385368,-0.455881218,-0.372946159,-0.234432161,-4.739493446,0.947212851,-0.661379461,-0.660792067,0.695008059,0.299984433,-56.26877821,141.3794758,-39.84448834,139.2268216,-22.20400391,-2.264820384,4.836174599,4.067631619,3.794633069,4.83610651,3.58E-06,8.83E-08,0.044691946,8.35E-06,1.95E-07,0.044741628,1.39E-05,3.92E-07,0.044412158,0.745223773,0.035599518,0.089993793,0.862951914,0.003196205,0.089697346,0.915318113,0.000862607,0.087814923
0.246495,0.393401831,-0.849840539,1.738670353,0.775093094,-0.460194266,-0.361736461,-0.237904504,-4.924426397,1.411870595,-0.792332345,-0.203209235,0.622032386,0.292540875,-53.6824943,141.5359885,-38.1486002,141.3643056,-42.46352544,-4.537865545,4.836176067,4.192681922,3.645766994,4.836113218,3.49E-06,8.53E-08,0.044637544,8.16E-06,1.87E-07,0.044722041,1.35E-05,3.75E-07,0.044476727,0.675914593,0.069309179,0.089997617,0.859151436,0.003800478,0.089755525,0.914378906,0.000939207,0.088020519
0.249782,0.24300962,-0.800505411,1.713002213,0.779271871,-0.459408624,-0.35343981,-0.238242008,-5.100859267,1.877042734,-0.917711523,0.261398651,0.482471776,0.277626727,-52.21886585,138.4219298,-36.55920416,164.8433792,-41.42605718,-4.537222578,4.836174323,4.043856283,3.497027435,4.83612007,3.41E-06,8.23E-08,0.044561363,7.98E-06,1.81E-07,0.044698415,1.32E-05,3.60E-07,0.044535082,0.491490648,0.184423945,0.089999386,0.85448209,0.004669346,0.089811268,0.913344527,0.001034379,0.088238165
0.253068,0.08741345,-0.73735954,1.683644952,0.786053751,-0.453106853,-0.348619349,-0.235112984,-5.272481776,2.331980208,-1.037866993,0.803172853,0.346320908,0.262714693,-52.86303763,134.1210536,-34.18051879,188.2680119,-40.23232074,-4.523723712,4.836166961,3.89435323,3.349160501,4.836122097,3.33E-06,7.93E-08,0.044450271,7.81E-06,1.74E-07,0.044670504,1.28E-05,3.47E-07,0.044588357,3.50E-05,0.491455694,0.089999433,0.848494661,0.005987429,0.089862525,0.912190456,0.001154071,0.088462883
0.256355,-0.073345352,-0.660766609,1.650792704,0.795856156,-0.440261316,-0.34745372,-0.228163862,-5.44622142,2.772782424,-1.150204676,1.421934446,0.214093374,0.247847024,-56.28288066,129.9630184,-30.15538794,195.6880645,-23.10742843,-2.809942848,4.836151786,3.74476053,3.406106739,4.836120431,3.25E-06,7.59E-08,0.044279771,7.64E-06,1.68E-07,0.044638585,1.25E-05,3.33E-07,0.044637253,2.79E-05,7.04E-06,0.036045459,0.840352823,0.008141838,0.089907366,0.910883524,0.001306932,0.088689225
0.259641,-0.239467696,-0.571140685,1.614759621,0.808837365,-0.419956167,-0.34959183,-0.217265665,-5.63120072,3.199918843,-1.249313366,2.065082783,0.138148507,0.238611867,-61.93320354,124.6161172,-24.63959712,195.8639717,1.11444925,-0.342051619,4.836129746,3.595374569,3.554136198,4.836111556,3.18E-06,7.19E-08,0.044000797,7.48E-06,1.62E-07,0.044603937,1.22E-05,3.19E-07,0.044682072,2.47E-05,3.22E-06,0.040387193,0.828273948,0.012078875,0.089944206,0.909377416,0.001506108,0.088911707
0.262928,-0.411403704,-0.468946758,1.576015023,0.824854226,-0.391520564,-0.353945288,-0.202607419,-5.834750368,3.609482137,-1.330293858,2.708809255,0.141811255,0.23748768,-69.22461055,117.1978045,-17.70182236,192.5617788,22.28865142,1.788303528,4.836093324,3.487743845,3.703250625,4.836094049,3.12E-06,6.63E-08,0.043511347,7.32E-06,1.57E-07,0.044569604,1.19E-05,3.05E-07,0.044722948,2.26E-05,2.12E-06,0.042591764,0.80753526,0.020738688,0.08997195,0.907605036,0.00177238,0.089124897
0.266215,-0.589795869,-0.354809978,1.535172934,0.843435474,-0.354431185,-0.359148336,-0.184411182,-6.062263953,3.994664408,-1.388472663,3.341682742,0.215065131,0.243365118,-77.88534231,107.6384647,-9.11016815,157.9908514,34.59735621,0.598303046,4.692663093,3.637214465,3.852728274,4.836076206,3.06E-06,5.64E-08,0.042651553,7.17E-06,1.52E-07,0.044541136,1.16E-05,2.93E-07,0.044759926,2.10E-05,1.60E-06,0.043610725,0.758853117,0.048682143,0.08999018,0.905465037,0.002139999,0.089323376
0.269501,-0.77543654,-0.229563849,1.493001255,0.863470944,-0.308936729,-0.363835185,-0.16309462,-6.318241897,4.348428955,-1.418414139,3.860935428,0.328772791,0.2453315,-86.59663658,94.81601199,0.195051407,122.8246642,47.08463964,-0.645983721,4.542863213,3.786964778,4.002325892,4.836070957,3.02E-06,3.73E-08,0.041937974,7.02E-06,1.47E-07,0.044526293,1.13E-05,2.81E-07,0.044793029,1.97E-05,1.29E-06,0.044126495,3.69E-05,0.758816249,0.089999433,0.902796353,0.002668684,0.089501944
0.272788,-0.969189844,-0.094311172,1.450386971,0.883477027,-0.256112814,-0.366688717,-0.139333494,-6.602850378,4.660051232,-1.417773083,4.264610934,0.483521154,0.24320841,-94.43692446,78.78939091,9.656837235,87.59421811,59.21601366,-1.891925898,4.392990497,3.936790513,4.151874494,4.836067925,3.00E-06,2.33E-08,0.042467515,6.88E-06,1.43E-07,0.044532505,1.10E-05,2.70E-07,0.044822313,1.86E-05,1.06E-06,0.044413941,3.12E-05,5.65E-06,0.006740205,0.899326204,0.003470149,0.089655931
0.276074,-1.171879424,0.04952439,1.408260145,0.902128579,-0.19727849,-0.366455994,-0.113820455,-6.913226746,4.919000422,-1.386034924,4.552498066,0.678140488,0.236990407,-100.4924258,59.84837522,18.69060354,52.3570114,70.93922294,-3.141558423,4.24310127,4.086645138,4.301009056,4.836050172,2.97E-06,2.62E-08,0.042341481,6.74E-06,1.39E-07,0.044562416,1.08E-05,2.59E-07,0.044847899,1.77E-05,8.94E-07,0.044586808,2.83E-05,2.95E-06,0.01861439,0.894552732,0.004773472,0.089781657
0.279361,-1.384197317,0.200215202,1.367537157,0.918356448,-0.134000803,-0.362013074,-0.087244599,-7.243505124,5.115698074,-1.324606392,4.724574605,0.911289317,0.226665362,-102.897068,38.13743841,25.52339245,27.81245462,67.69768407,-5.527338114,4.093219263,4.236514056,4.288106183,4.810903478,2.93E-06,4.38E-08,0.042418889,6.61E-06,1.35E-07,0.044611193,1.05E-05,2.49E-07,0.044869984,1.70E-05,7.72E-07,0.044697136,2.62E-05,2.10E-06,0.039170834,0.887441072,0.007111661,0.089877048
0.282648,-1.606565564,0.35574983,1.329005076,0.931310543,-0.067845491,-0.352758612,-0.060157218,-7.581686597,5.241040568,-1.240721218,4.81598301,1.133784506,0.208499214,-100.8178672,15.02507934,28.92085293,4.326497429,43.77004181,-8.005397136,3.943358935,4.386382057,4.139445663,4.661142191,2.87E-06,5.46E-08,0.043475482,6.48E-06,1.31E-07,0.04466895,1.03E-05,2.40E-07,0.044888837,1.63E-05,6.78E-07,0.04477089,2.45E-05,1.62E-06,0.042924895,0.875468803,0.011972268,0.089942227
0.285934,-1.839000885,0.513909126,1.293173114,0.94017647,-0.000298536,-0.339088433,-0.032970004,-7.913034571,5.29042199,-1.145669951,4.830202475,1.277639113,0.182188678,-95.97188049,-7.711245533,30.08134668,-18.89631429,19.39995471,-10.48428367,3.793532728,4.536229262,3.99054111,4.51129151,2.82E-06,5.78E-08,0.044111767,6.35E-06,1.28E-07,0.044726076,1.01E-05,2.31E-07,0.044904774,1.57E-05,6.05E-07,0.044822042,2.32E-05,1.32E-06,0.043961307,0.850569733,0.024899071,0.089980038
0.289221,-2.081159201,0.672425502,1.260268964,0.944319066,0.067121377,-0.322053021,-0.006159879,-8.228455725,5.265078212,-1.046804606,4.768097854,1.341398998,0.147731035,-88.84510615,-29.20118544,28.80853463,-41.92353967,-5.303938572,-12.95936877,3.643766217,4.686014629,3.841952367,4.361420068,2.76E-06,5.84E-08,0.044439067,6.22E-06,1.25E-07,0.044776663,9.83E-06,2.23E-07,0.044918147,1.51E-05,5.45E-07,0.044858602,2.21E-05,1.12E-06,0.044383801,0.769053234,0.081516499,0.089996325
